<?xml version="1.0" encoding="UTF-8"?>
<project-private xmlns="http://www.netbeans.org/ns/project-private/1">
    <editor-bookmarks xmlns="http://www.netbeans.org/ns/editor-bookmarks/2" lastBookmarkId="0"/>
    <open-files xmlns="http://www.netbeans.org/ns/projectui-open-files/2">
        <group name="SOCWorkspace">
            <file>file:/Users/gracesubianto/Desktop/NetBeansProjects/SOCWorkspace/PDC-Assignment1/src/pdcassignment1/Banker.java</file>
            <file>file:/Users/gracesubianto/Desktop/NetBeansProjects/SOCWorkspace/PDC-Assignment1/src/pdcassignment1/Play.java</file>
            <file>file:/Users/gracesubianto/Desktop/NetBeansProjects/SOCWorkspace/PDC-Assignment1/src/pdcassignment1/Briefcase.java</file>
            <file>file:/Users/gracesubianto/Desktop/NetBeansProjects/SOCWorkspace/PDC-Assignment1/src/pdcassignment1/Game.java</file>
            <file>file:/Users/gracesubianto/Desktop/NetBeansProjects/SOCWorkspace/PDC-Assignment1/src/pdcassignment1/Player.java</file>
        </group>
    </open-files>
</project-private>
